{"coverage": 99.12280701754386, "raw_data": {"meta": {"format": 3, "version": "7.13.5", "timestamp": "2026-04-13T12:29:27.842266", "branch_coverage": true, "show_contexts": false}, "files": {"src/haystack_integrations/components/converters/amazon_textract/converter.py": {"executed_lines": [5, 6, 7, 9, 10, 11, 12, 13, 14, 15, 17, 21, 23, 26, 27, 58, 91, 92, 93, 94, 95, 97, 98, 99, 100, 101, 102, 103, 104, 105, 107, 109, 110, 112, 113, 115, 116, 123, 127, 128, 129, 133, 135, 136, 163, 164, 166, 167, 168, 170, 171, 172, 173, 174, 175, 177, 178, 179, 181, 182, 183, 185, 186, 188, 189, 194, 196, 198, 200, 202, 203, 204, 205, 207, 208, 209, 210, 211, 213, 215, 221, 222, 223, 225, 227, 232, 234, 241, 253, 254, 263, 273], "summary": {"covered_lines": 92, "num_statements": 92, "percent_covered": 99.10714285714286, "percent_covered_display": "99", "missing_lines": 0, "excluded_lines": 0, "percent_statements_covered": 100.0, "percent_statements_covered_display": "100", "num_branches": 20, "num_partial_branches": 1, "covered_branches": 19, "missing_branches": 1, "percent_branches_covered": 95.0, "percent_branches_covered_display": "95"}, "missing_lines": [], "excluded_lines": [], "executed_branches": [[91, 92], [91, 97], [93, 94], [93, 97], [109, 110], [109, 112], [163, 164], [163, 166], [170, 171], [170, 196], [182, 183], [182, 185], [203, 204], [203, 207], [204, 205], [207, 208], [207, 213], [209, 210], [209, 211]], "missing_branches": [[204, 207]], "functions": {"AmazonTextractConverter.__init__": {"executed_lines": [91, 92, 93, 94, 95, 97, 98, 99, 100, 101, 102, 103, 104, 105], "summary": {"covered_lines": 14, "num_statements": 14, "percent_covered": 100.0, "percent_covered_display": "100", "missing_lines": 0, "excluded_lines": 0, "percent_statements_covered": 100.0, "percent_statements_covered_display": "100", "num_branches": 4, "num_partial_branches": 0, "covered_branches": 4, "missing_branches": 0, "percent_branches_covered": 100.0, "percent_branches_covered_display": "100"}, "missing_lines": [], "excluded_lines": [], "start_line": 58, "executed_branches": [[91, 92], [91, 97], [93, 94], [93, 97]], "missing_branches": []}, "AmazonTextractConverter.warm_up": {"executed_lines": [109, 110, 112, 115, 116, 123, 127, 128, 129, 133], "summary": {"covered_lines": 10, "num_statements": 10, "percent_covered": 100.0, "percent_covered_display": "100", "missing_lines": 0, "excluded_lines": 0, "percent_statements_covered": 100.0, "percent_statements_covered_display": "100", "num_branches": 2, "num_partial_branches": 0, "covered_branches": 2, "missing_branches": 0, "percent_branches_covered": 100.0, "percent_branches_covered_display": "100"}, "missing_lines": [], "excluded_lines": [], "start_line": 107, "executed_branches": [[109, 110], [109, 112]], "missing_branches": []}, "AmazonTextractConverter.warm_up.resolve_secret": {"executed_lines": [113], "summary": {"covered_lines": 1, "num_statements": 1, "percent_covered": 100.0, "percent_covered_display": "100", "missing_lines": 0, "excluded_lines": 0, "percent_statements_covered": 100.0, "percent_statements_covered_display": "100", "num_branches": 0, "num_partial_branches": 0, "covered_branches": 0, "missing_branches": 0, "percent_branches_covered": 100.0, "percent_branches_covered_display": "100"}, "missing_lines": [], "excluded_lines": [], "start_line": 112, "executed_branches": [], "missing_branches": []}, "AmazonTextractConverter.run": {"executed_lines": [163, 164, 166, 167, 168, 170, 171, 172, 173, 174, 175, 177, 178, 179, 181, 182, 183, 185, 186, 188, 189, 194, 196], "summary": {"covered_lines": 23, "num_statements": 23, "percent_covered": 100.0, "percent_covered_display": "100", "missing_lines": 0, "excluded_lines": 0, "percent_statements_covered": 100.0, "percent_statements_covered_display": "100", "num_branches": 6, "num_partial_branches": 0, "covered_branches": 6, "missing_branches": 0, "percent_branches_covered": 100.0, "percent_branches_covered_display": "100"}, "missing_lines": [], "excluded_lines": [], "start_line": 136, "executed_branches": [[163, 164], [163, 166], [170, 171], [170, 196], [182, 183], [182, 185]], "missing_branches": []}, "AmazonTextractConverter._call_textract": {"executed_lines": [200, 202, 203, 204, 205, 207, 208, 209, 210, 211, 213], "summary": {"covered_lines": 11, "num_statements": 11, "percent_covered": 94.73684210526316, "percent_covered_display": "95", "missing_lines": 0, "excluded_lines": 0, "percent_statements_covered": 100.0, "percent_statements_covered_display": "100", "num_branches": 8, "num_partial_branches": 1, "covered_branches": 7, "missing_branches": 1, "percent_branches_covered": 87.5, "percent_branches_covered_display": "88"}, "missing_lines": [], "excluded_lines": [], "start_line": 198, "executed_branches": [[203, 204], [203, 207], [204, 205], [207, 208], [207, 213], [209, 210], [209, 211]], "missing_branches": [[204, 207]]}, "AmazonTextractConverter._create_document": {"executed_lines": [221, 222, 223, 225, 227, 232], "summary": {"covered_lines": 6, "num_statements": 6, "percent_covered": 100.0, "percent_covered_display": "100", "missing_lines": 0, "excluded_lines": 0, "percent_statements_covered": 100.0, "percent_statements_covered_display": "100", "num_branches": 0, "num_partial_branches": 0, "covered_branches": 0, "missing_branches": 0, "percent_branches_covered": 100.0, "percent_branches_covered_display": "100"}, "missing_lines": [], "excluded_lines": [], "start_line": 215, "executed_branches": [], "missing_branches": []}, "AmazonTextractConverter.to_dict": {"executed_lines": [241], "summary": {"covered_lines": 1, "num_statements": 1, "percent_covered": 100.0, "percent_covered_display": "100", "missing_lines": 0, "excluded_lines": 0, "percent_statements_covered": 100.0, "percent_statements_covered_display": "100", "num_branches": 0, "num_partial_branches": 0, "covered_branches": 0, "missing_branches": 0, "percent_branches_covered": 100.0, "percent_branches_covered_display": "100"}, "missing_lines": [], "excluded_lines": [], "start_line": 234, "executed_branches": [], "missing_branches": []}, "AmazonTextractConverter.from_dict": {"executed_lines": [263, 273], "summary": {"covered_lines": 2, "num_statements": 2, "percent_covered": 100.0, "percent_covered_display": "100", "missing_lines": 0, "excluded_lines": 0, "percent_statements_covered": 100.0, "percent_statements_covered_display": "100", "num_branches": 0, "num_partial_branches": 0, "covered_branches": 0, "missing_branches": 0, "percent_branches_covered": 100.0, "percent_branches_covered_display": "100"}, "missing_lines": [], "excluded_lines": [], "start_line": 254, "executed_branches": [], "missing_branches": []}, "": {"executed_lines": [5, 6, 7, 9, 10, 11, 12, 13, 14, 15, 17, 21, 23, 26, 27, 58, 107, 135, 136, 198, 215, 234, 253, 254], "summary": {"covered_lines": 24, "num_statements": 24, "percent_covered": 100.0, "percent_covered_display": "100", "missing_lines": 0, "excluded_lines": 0, "percent_statements_covered": 100.0, "percent_statements_covered_display": "100", "num_branches": 0, "num_partial_branches": 0, "covered_branches": 0, "missing_branches": 0, "percent_branches_covered": 100.0, "percent_branches_covered_display": "100"}, "missing_lines": [], "excluded_lines": [], "start_line": 1, "executed_branches": [], "missing_branches": []}}, "classes": {"AmazonTextractConverter": {"executed_lines": [91, 92, 93, 94, 95, 97, 98, 99, 100, 101, 102, 103, 104, 105, 109, 110, 112, 113, 115, 116, 123, 127, 128, 129, 133, 163, 164, 166, 167, 168, 170, 171, 172, 173, 174, 175, 177, 178, 179, 181, 182, 183, 185, 186, 188, 189, 194, 196, 200, 202, 203, 204, 205, 207, 208, 209, 210, 211, 213, 221, 222, 223, 225, 227, 232, 241, 263, 273], "summary": {"covered_lines": 68, "num_statements": 68, "percent_covered": 98.86363636363636, "percent_covered_display": "99", "missing_lines": 0, "excluded_lines": 0, "percent_statements_covered": 100.0, "percent_statements_covered_display": "100", "num_branches": 20,